name,website,careers_url,city,industry,snippet_date,found_via
Informed Solutions,informed.com,https://apply.workable.com/informed-solutions/,Altrincham,Digital/IT consultancy,,WebSearch: workable Manchester engineering (17 open roles per snippet)
Zippd,,https://apply.workable.com/zippd/,Manchester,Software/delivery tech,,WebSearch: workable Manchester
Mobysoft,mobysoft.com,https://mobysoft.teamtailor.com/jobs,Manchester,SaaS (social housing analytics),,WebSearch: Mobysoft careers
Ear to the Ground,,https://eartotheground.teamtailor.com/jobs,Manchester,Creative/marketing agency,,WebSearch: teamtailor Manchester (5 Manchester roles per snippet)
Contact Theatre,contactmcr.com,https://contacttheatre.teamtailor.com/,Manchester,Arts/theatre,,WebSearch: teamtailor Manchester
Southway Housing Trust,southwayhousing.co.uk,https://www.southwayhousing.co.uk/careers/,Manchester (Didsbury),Housing association,,WebSearch: Southway careers (4+ roles listed)
Irwell Valley Homes,irwellvalley.co.uk,https://www.irwellvalley.co.uk/about-us/careers/vacancies/,Sale,Housing association,,WebSearch: Irwell Valley careers (snippet: 33 open jobs)
Mosscare St Vincent's Housing Group,msvhousing.co.uk,https://careers.msvhousing.co.uk/job-vacancies,Manchester,Housing association,,WebSearch: MSV careers
Salix Homes,salixhomes.co.uk,https://www.salixhomes.co.uk/careers/,Salford,Housing association,,WebSearch: Salix Homes careers
City Care Partnership,citycarepartnership.co.uk,https://www.careers-page.com/city-care-partnership,Manchester,Care (learning disability/autism support),,WebSearch: GM care provider careers
LSH Auto,,https://apply.workable.com/lsh-auto-1/,Greater Manchester (multiple sites),Automotive retail/service,,WebSearch: workable Altrincham/Stockport
BCN Group,bcn.co.uk,https://bcngroup.recruitee.com/,Manchester,IT managed services,,WebSearch: recruitee Manchester (snippet: typically 10-15 open vacancies)
Elevate Group,oneelevate.com,https://elevategroup.pinpointhq.com/,Manchester,Telecoms/connectivity,application deadlines 2025-06-13 and 2025-11-28 seen in snippets,WebSearch: pinpointhq Manchester (4+ Manchester HQ roles)
CTI Digital,ctidigital.com,https://ctidigital.pinpointhq.com/,Manchester,Digital agency,,WebSearch: pinpointhq Manchester (3+ roles)
MiChild Group,michildnurseries.co.uk,https://michild-group.breezy.hr/,Manchester (also Stockport/Oldham),Childcare/nurseries,,WebSearch: breezy.hr Manchester
