segment,country,company_name,website,region,specialization,size_note,found_via
S2,US,Lúgh Studio,https://lughstudio.com,"Brooklyn, NY",websites and branding for nonprofits and businesses,describes itself as boutique agency,https://lughstudio.com/
S2,US,mimoYmima,https://mimoymima.com,"Brooklyn, NY",branding and web design for startups,describes itself as design studio,https://mimoymima.com/
S2,US,KRS Creative,https://krs-creative.com,"Brooklyn, NY",custom WordPress sites for nonprofits and startups,describes itself as small expert-led studio,https://krs-creative.com/
S2,US,Bushwick Design,https://bushwickdesign.com,"Brooklyn, NY",custom websites and eCommerce storefronts,unverified,https://bushwickdesign.com/
S2,US,Bracha Designs,https://brachadesigns.com,"Brooklyn, NY",small business websites and SEO,unverified,https://brachadesigns.com/web-design-company-brooklyn/
S2,US,SlideSigma,https://slidesigma.net,"Brooklyn, NY","websites for restaurants, retailers and nonprofits",describes itself as small Brooklyn studio,https://slidesigma.net/slidesigma-10-years-brooklyn-web-design/
S2,US,Brooklyn Design Studio,https://brooklyndesign.studio,"Brooklyn, NY",small business websites,unverified,https://brooklyndesign.studio/
S2,US,24 Hour Marketing,https://24hrmarketing.com,"Brooklyn, NY",small business websites,unverified,https://www.24hrmarketing.com/web-design-brooklyn/
S2,US,Consortium NYC,https://consortiumnyc.com,"Brooklyn, NY",custom websites for architecture and local businesses,unverified,https://www.consortiumnyc.com/industries-we-offer-marketing-services-for/architecture-firm-marketing/web-design-nyc/park-slope-marketing-company
S2,US,Studio Simpatico,https://studiosimpati.co,"Manhattan, NY",WordPress sites for nonprofits and real estate,DesignRush: 2-10 employees; boutique studio,https://www.designrush.com/agency/website-design-development/new-york/new-york-city
S2,US,Code18 Interactive,https://code18.com,"Manhattan, NY",custom WordPress development,describes itself as small owner-led team,https://code18.com/custom-wordpress-development-nyc/
S2,US,Alliance Interactive,https://allianceinteractive.com,"Manhattan, NY",WordPress development,unverified,https://www.allianceinteractive.com/wordpress-development-company-new-york/
S2,US,We Are Immediate,https://weareimmediate.com,"Manhattan, NY",websites for nonprofits,unverified,https://weareimmediate.com/
S2,US,Splash Creative,https://splashcreative.com,"Manhattan, NY",websites for law firms,unverified,https://splashcreative.com/web-design-agency-law-firms/
S2,US,Reach Above Media,https://reachabovemedia.com,"Queens, NY",small business websites and marketing,unverified,https://www.reachabovemedia.com/
S2,US,The Web Empire,https://thewebempire.us,"Queens, NY",small business websites and social media,unverified,https://www.thewebempire.us/
S2,US,Top New York Web Design,https://topnewyorkwebdesign.com,"Queens, NY",Shopify stores,unverified,https://topnewyorkwebdesign.com/
S2,US,Web Design at NY,https://webdesignatny.com,"Queens, NY",affordable small business websites,unverified,https://www.webdesignatny.com/
S2,US,Queens Web Design,https://queenswebdesignandgraphics.com,"Queens, NY",affordable websites for local businesses,unverified,https://queenswebdesignandgraphics.com/
S2,US,Gotham Site Studio,https://gothamsitestudio.com,"Queens, NY",custom mobile-first small business websites,describes itself as founder-led,https://www.gothamsitestudio.com/services/web-design-queens.html
S2,US,StatenWeb,https://statenweb.com,"Staten Island, NY",small business websites and ecommerce,unverified,https://statenweb.com/
S2,US,NB Technologies,https://nbtechnologies.net,"Staten Island, NY",small business websites,describes itself as small Staten Island team,https://nbtechnologies.net/services/web-design/
S2,US,Charge Media Group,https://chargemediagroup.com,"Staten Island, NY",small business websites and local SEO,unverified,https://chargemediagroup.com/solutions/web-design-development/
S2,US,Logic Web Media,https://longislandwebdesign.com,"Long Island, NY",custom web development and eCommerce,describes itself as boutique web agency,https://longislandwebdesign.com/
S2,US,Iced Web Designs,https://longisland.design,"Manorville, Long Island, NY",affordable small business websites,describes itself as private freelance studio,https://longisland.design/
S2,US,Yellowfin,https://yfdev.com,"Long Island, NY",WordPress and WooCommerce sites for small businesses,unverified,https://yfdev.com/long-island-web-design/
S2,US,Island Web Solutions,https://islandwebsolutions.com,"Long Island, NY",small business websites,unverified,https://islandwebsolutions.com/
S2,US,Solution Web Designs,https://solutionwebdesigns.com,"Long Island, NY",websites for small and mid-sized companies,unverified,https://www.solutionwebdesigns.com/web-design-long-island
S2,US,Art of Media Design,https://artofmediadesign.com,"Long Island, NY",web design and SEO,unverified,https://artofmediadesign.com/
S2,US,MJW Media,https://mjwmedia.com,"Nassau County, Long Island, NY",small business websites,unverified,https://www.mjwmedia.com/location-listing/web-design-development-in-nassau-county/
S2,US,webfix,https://webfixli.com,"Garden City, Long Island, NY",custom websites for local businesses,unverified,https://webfixli.com/web-design-hicksville
S2,US,IBLN Designs,https://iblndesigns.com,"Hicksville, Long Island, NY",small business websites,unverified,https://www.iblndesigns.com/
S2,US,Star Mountain Design,https://starmountaindesign.com,"Long Island, NY",SEO-ready small business websites,unverified,https://starmountaindesign.com/long-island-web-designer/
S2,US,Long Island Website Designers,https://liwebsitedesigners.com,"Long Island, NY",small business websites,unverified,https://www.liwebsitedesigners.com/suffolk-county/
S2,US,DesignME Marketing,https://designmemarketing.com,"Long Island, NY",websites and SEO for contractors and local businesses,unverified,https://designmemarketing.com/
S2,US,APR eDesign,https://apredesign.com,"Suffolk County, Long Island, NY",affordable websites for small businesses,unverified,https://apredesign.com/web-design-Suffolk-services.html
S2,US,Direct Response Group,https://directresponsegroup.com,"Melville, Long Island, NY",websites for law offices and professional services,unverified,https://www.directresponsegroup.com/web-design/
S2,US,Westchester Marketing Cafe,https://westchestermarketingcafe.com,"Westchester, NY",websites for small businesses and nonprofits,unverified,https://westchestermarketingcafe.com/
S2,US,Exceller Marketing,https://excellermarketing.com,"Westchester, NY","websites for small businesses, startups and nonprofits",unverified,https://excellermarketing.com/web-design-agency-westchester-county-ny/
S2,US,Westchester Websites,https://westchesterwebsites.com,"Westchester, NY",small business websites,describes itself as a small business,https://westchesterwebsites.com/
S2,US,Digital Chair,https://digitalchair.com,"Westchester, NY",business websites and digital marketing,unverified,https://www.digitalchair.com/
S2,US,MNR Developers,https://mnrdev.com,"Westchester, NY",small business websites and apps,unverified,https://mnrdev.com/web-design-westchester/
S2,US,RosaCreative,https://rosacreative.co,"Westchester, NY",small business websites and local SEO,unverified,https://rosacreative.co/
S2,US,Presentation Multimedia,https://presentationmultimedia.com,"Westchester, NY",small business websites,unverified,https://www.presentationmultimedia.com/web-design/
S2,US,The Good Lead,https://thegoodlead.us,"Westchester, NY","lead-focused websites for contractors, law firms, restaurants",unverified,https://thegoodlead.us/
