company,legal_form,location,signal,event,event_date,source,source_url,checked_on,urgency,urgency_reason,opener
MiChild Group,,Manchester (also Stockport/Oldham),jobs_3plus,"23 open roles at the same time on the careers page (Baby Room Manager - Echoes Nursery, Deputy Nursery Manager- Little Angels Nursery, Deputy Nursery Manager- Meadow Nursery, Early Years Educator (Part Time)  - Echoes Nursery, Early Years Educator - 3 days a week - Meadow Nursery).",2026-09-21,Careers page MiChild Group,https://michild-group.breezy.hr/p/0bada8af37e101-early-years-educator-4-days-a-week--the-village-nursery,2026-09-26,high,"23 roles advertised in parallel, the oldest since 09.09.2026.",MiChild Group is currently hiring for several roles. Is a workplace pension or benefits review on the agenda as the team grows?
Informed Solutions,,Altrincham,jobs_3plus,"16 open roles at the same time on the careers page (AWS DevOps Engineer - Lead, Client Project Accountant, Communications and Engagement Executive, GIS Architect, Geospatial Software Engineer).",2026-09-21,Careers page Informed Solutions,https://apply.workable.com/j/2366F400A4,2026-09-26,high,"16 roles advertised in parallel, the oldest since 08.01.2026.",Informed Solutions is currently hiring for several roles. Is a workplace pension or benefits review on the agenda as the team grows?
LSH Auto,,Greater Manchester (multiple sites),jobs_3plus,"23 open roles at the same time on the careers page (Aftersales Executive - Mercedes Benz, BYD Sales Executive, Barista, Business Development Manager - Mercedes Benz Vans, Business Manager - Used Cars).",2026-09-21,Careers page LSH Auto,https://apply.workable.com/j/07FF0FDE2A,2026-09-26,high,"23 roles advertised in parallel, the oldest since 24.06.2026.",LSH Auto is currently hiring for several roles. Is a workplace pension or benefits review on the agenda as the team grows?
BCN Group,,Manchester,jobs_3plus,"14 open roles at the same time on the careers page (2nd Line Support Consultant, AI Adoption Consultant, Account Director - Reading/South, Data Engineer, Junior AI Specialist).",2026-09-21,Careers page BCN Group,https://bcngroup.recruitee.com/o/microsoft-licensing-specialist,2026-09-26,high,"14 roles advertised in parallel, the oldest since 23.06.2026.",BCN Group is currently hiring for several roles. Is a workplace pension or benefits review on the agenda as the team grows?
AM ENGINEERING SERVICE CONTRACT LTD,Ltd,LIVERPOOL,new_incorporation,AM ENGINEERING SERVICE CONTRACT LTD registered on 31 Aug 2026 (Liverpool).,2026-08-31,Companies House,https://find-and-update.company-information.service.gov.uk/company/17428838,2026-09-26,high,Registered 26 days ago; new companies typically choose their providers in the first weeks.,Congratulations on setting up AM ENGINEERING SERVICE CONTRACT LTD this August. Have you had a chance to think about protection and pensions for the business?
ACCORD LEADERSHIP PARTNERS LTD,Ltd,WARRINGTON,new_incorporation,ACCORD LEADERSHIP PARTNERS LTD registered on 31 Aug 2026 (Warrington).,2026-08-31,Companies House,https://find-and-update.company-information.service.gov.uk/company/17428889,2026-09-26,high,Registered 26 days ago; new companies typically choose their providers in the first weeks.,Congratulations on setting up ACCORD LEADERSHIP PARTNERS LTD this August. Have you had a chance to think about protection and pensions for the business?
ALQAIM GROUP LTD,Ltd,MANCHESTER,new_incorporation,ALQAIM GROUP LTD registered on 31 Aug 2026 (Manchester).,2026-08-31,Companies House,https://find-and-update.company-information.service.gov.uk/company/17428786,2026-09-26,high,Registered 26 days ago; new companies typically choose their providers in the first weeks.,Congratulations on setting up ALQAIM GROUP LTD this August. Have you had a chance to think about protection and pensions for the business?
AFINIDAD HEALTH LTD,Ltd,MANCHESTER,new_incorporation,AFINIDAD HEALTH LTD registered on 31 Aug 2026 (Manchester).,2026-08-31,Companies House,https://find-and-update.company-information.service.gov.uk/company/17428726,2026-09-26,high,Registered 26 days ago; new companies typically choose their providers in the first weeks.,Congratulations on setting up AFINIDAD HEALTH LTD this August. Have you had a chance to think about protection and pensions for the business?
AFZ PROPERTY HOLDING LTD,Ltd,BIRMINGHAM,new_incorporation,AFZ PROPERTY HOLDING LTD registered on 31 Aug 2026 (Birmingham).,2026-08-31,Companies House,https://find-and-update.company-information.service.gov.uk/company/17428857,2026-09-26,high,Registered 26 days ago; new companies typically choose their providers in the first weeks.,Congratulations on setting up AFZ PROPERTY HOLDING LTD this August. Have you had a chance to think about protection and pensions for the business?
2-WAY CONSULTANTCY SERVICES LTD,Ltd,BIRMINGHAM,new_incorporation,2-WAY CONSULTANTCY SERVICES LTD registered on 31 Aug 2026 (Birmingham).,2026-08-31,Companies House,https://find-and-update.company-information.service.gov.uk/company/17428909,2026-09-26,high,Registered 26 days ago; new companies typically choose their providers in the first weeks.,Congratulations on setting up 2-WAY CONSULTANTCY SERVICES LTD this August. Have you had a chance to think about protection and pensions for the business?
