company,phone,email,website,location,company_profile,event,event_date,why_now,priority,signal,sales_tip,question_to_ask,opening_line,source,checked_on,legal_form,industry,address,contact_name,contact_role
UNITED FREIGHT TRANSPORT INC.,,,,NY,"DOMESTIC BUSINESS CORPORATION, registered 2026-09-29",UNITED FREIGHT TRANSPORT INC. registered on 29 Sep 2026.,2026-09-29,Registered 2 days ago; new companies typically choose their providers in the first weeks.,high,new_incorporation,,,Congratulations on setting up UNITED FREIGHT TRANSPORT INC. this September. Have you already decided who will build your website?,NY Department of State (data.ny.gov),2026-10-01,DOMESTIC BUSINESS CORPORATION,,,,
TECHFUSION SYSTEMS INC.,,,,NY,"DOMESTIC BUSINESS CORPORATION, registered 2026-09-29",TECHFUSION SYSTEMS INC. registered on 29 Sep 2026.,2026-09-29,Registered 2 days ago; new companies typically choose their providers in the first weeks.,high,new_incorporation,,,Congratulations on setting up TECHFUSION SYSTEMS INC. this September. Have you already decided who will build your website?,NY Department of State (data.ny.gov),2026-10-01,DOMESTIC BUSINESS CORPORATION,,,,
HD ABOVE ALL STRATEGIES LLC,,,,NY,"DOMESTIC LIMITED LIABILITY COMPANY, registered 2026-09-29",HD ABOVE ALL STRATEGIES LLC registered on 29 Sep 2026.,2026-09-29,Registered 2 days ago; new companies typically choose their providers in the first weeks.,high,new_incorporation,,,Congratulations on setting up HD ABOVE ALL STRATEGIES LLC this September. Have you already decided who will build your website?,NY Department of State (data.ny.gov),2026-10-01,DOMESTIC LIMITED LIABILITY COMPANY,,,,
"EMPIRE POOL AND SPA SERVICE, INC.",,,,NY,"DOMESTIC BUSINESS CORPORATION, registered 2026-09-29","EMPIRE POOL AND SPA SERVICE, INC. registered on 29 Sep 2026.",2026-09-29,Registered 2 days ago; new companies typically choose their providers in the first weeks.,high,new_incorporation,,,"Congratulations on setting up EMPIRE POOL AND SPA SERVICE, INC. this September. Have you already decided who will build your website?",NY Department of State (data.ny.gov),2026-10-01,DOMESTIC BUSINESS CORPORATION,,,,
DIAMOND MOVING COMPANY LLC,,,,NY,"DOMESTIC LIMITED LIABILITY COMPANY, registered 2026-09-29",DIAMOND MOVING COMPANY LLC registered on 29 Sep 2026.,2026-09-29,Registered 2 days ago; new companies typically choose their providers in the first weeks.,high,new_incorporation,,,Congratulations on setting up DIAMOND MOVING COMPANY LLC this September. Have you already decided who will build your website?,NY Department of State (data.ny.gov),2026-10-01,DOMESTIC LIMITED LIABILITY COMPANY,,,,
J&K GLOBAL TRANSPORTATION GROUP LLC,,,,NY,"DOMESTIC LIMITED LIABILITY COMPANY, registered 2026-09-29",J&K GLOBAL TRANSPORTATION GROUP LLC registered on 29 Sep 2026.,2026-09-29,Registered 2 days ago; new companies typically choose their providers in the first weeks.,high,new_incorporation,,,Congratulations on setting up J&K GLOBAL TRANSPORTATION GROUP LLC this September. Have you already decided who will build your website?,NY Department of State (data.ny.gov),2026-10-01,DOMESTIC LIMITED LIABILITY COMPANY,,,,
MARWAN GROUP CORPORATION,,,,NY,"DOMESTIC BUSINESS CORPORATION, registered 2026-09-29",MARWAN GROUP CORPORATION registered on 29 Sep 2026.,2026-09-29,Registered 2 days ago; new companies typically choose their providers in the first weeks.,high,new_incorporation,,,Congratulations on setting up MARWAN GROUP CORPORATION this September. Have you already decided who will build your website?,NY Department of State (data.ny.gov),2026-10-01,DOMESTIC BUSINESS CORPORATION,,,,
MADE BY MADI BAKING CO. LLC,,,,NY,"DOMESTIC LIMITED LIABILITY COMPANY, registered 2026-09-29",MADE BY MADI BAKING CO. LLC registered on 29 Sep 2026.,2026-09-29,Registered 2 days ago; new companies typically choose their providers in the first weeks.,high,new_incorporation,,,Congratulations on setting up MADE BY MADI BAKING CO. LLC this September. Have you already decided who will build your website?,NY Department of State (data.ny.gov),2026-10-01,DOMESTIC LIMITED LIABILITY COMPANY,,,,
MAD SUPPLY CO. LLC,,,,NY,"DOMESTIC LIMITED LIABILITY COMPANY, registered 2026-09-29",MAD SUPPLY CO. LLC registered on 29 Sep 2026.,2026-09-29,Registered 2 days ago; new companies typically choose their providers in the first weeks.,high,new_incorporation,,,Congratulations on setting up MAD SUPPLY CO. LLC this September. Have you already decided who will build your website?,NY Department of State (data.ny.gov),2026-10-01,DOMESTIC LIMITED LIABILITY COMPANY,,,,
LINKO TAX GROUP LLC,,,,NY,"DOMESTIC LIMITED LIABILITY COMPANY, registered 2026-09-29",LINKO TAX GROUP LLC registered on 29 Sep 2026.,2026-09-29,Registered 2 days ago; new companies typically choose their providers in the first weeks.,high,new_incorporation,,,Congratulations on setting up LINKO TAX GROUP LLC this September. Have you already decided who will build your website?,NY Department of State (data.ny.gov),2026-10-01,DOMESTIC LIMITED LIABILITY COMPANY,,,,
