company,legal_form,county,event,event_date,source,source_id,checked_on,urgency,urgency_reason,opener
Jihan Corporation,Corporation,Queens,New company registered with NY Department of State,2026-09-24,"NY Department of State, Active Corporations (data.ny.gov/d/n9v6-gdp6)",DOS ID 8030341,2026-09-26,high,"Registered 2 days ago; owners typically choose website, advisers and service providers in the first weeks.",Congratulations on setting up Jihan Corporation this September. Have you already decided who will build your website?
MPG Ventures LLC,LLC,Queens,New company registered with NY Department of State,2026-09-24,"NY Department of State, Active Corporations (data.ny.gov/d/n9v6-gdp6)",DOS ID 8029715,2026-09-26,high,"Registered 2 days ago; owners typically choose website, advisers and service providers in the first weeks.",Congratulations on setting up MPG Ventures LLC this September. Have you already decided who will build your website?
Must Have Market LLC,LLC,Nassau,New company registered with NY Department of State,2026-09-24,"NY Department of State, Active Corporations (data.ny.gov/d/n9v6-gdp6)",DOS ID 8029454,2026-09-26,high,"Registered 2 days ago; owners typically choose website, advisers and service providers in the first weeks.",Congratulations on setting up Must Have Market LLC this September. Have you already decided who will build your website?
My Own Collection LLC,LLC,New York (Manhattan),New company registered with NY Department of State,2026-09-24,"NY Department of State, Active Corporations (data.ny.gov/d/n9v6-gdp6)",DOS ID 8029674,2026-09-26,high,"Registered 2 days ago; owners typically choose website, advisers and service providers in the first weeks.",Congratulations on setting up My Own Collection LLC this September. Have you already decided who will build your website?
Myrtle Avenue Soap Company LLC,LLC,Queens,New company registered with NY Department of State,2026-09-24,"NY Department of State, Active Corporations (data.ny.gov/d/n9v6-gdp6)",DOS ID 8030388,2026-09-26,high,"Registered 2 days ago; owners typically choose website, advisers and service providers in the first weeks.",Congratulations on setting up Myrtle Avenue Soap Company LLC this September. Have you already decided who will build your website?
Nana News Stand Corp.,Corporation,Kings (Brooklyn),New company registered with NY Department of State,2026-09-24,"NY Department of State, Active Corporations (data.ny.gov/d/n9v6-gdp6)",DOS ID 8030002,2026-09-26,high,"Registered 2 days ago; owners typically choose website, advisers and service providers in the first weeks.",Congratulations on setting up Nana News Stand Corp. this September. Have you already decided who will build your website?
Naples Sports Consulting LLC,LLC,Suffolk,New company registered with NY Department of State,2026-09-24,"NY Department of State, Active Corporations (data.ny.gov/d/n9v6-gdp6)",DOS ID 8029481,2026-09-26,high,"Registered 2 days ago; owners typically choose website, advisers and service providers in the first weeks.",Congratulations on setting up Naples Sports Consulting LLC this September. Have you already decided who will build your website?
NassauNYC LLC,LLC,Nassau,New company registered with NY Department of State,2026-09-24,"NY Department of State, Active Corporations (data.ny.gov/d/n9v6-gdp6)",DOS ID 8030278,2026-09-26,high,"Registered 2 days ago; owners typically choose website, advisers and service providers in the first weeks.",Congratulations on setting up NassauNYC LLC this September. Have you already decided who will build your website?
Nativ Colombia Retreat Inc.,Corporation,Queens,New company registered with NY Department of State,2026-09-24,"NY Department of State, Active Corporations (data.ny.gov/d/n9v6-gdp6)",DOS ID 8030330,2026-09-26,high,"Registered 2 days ago; owners typically choose website, advisers and service providers in the first weeks.",Congratulations on setting up Nativ Colombia Retreat Inc. this September. Have you already decided who will build your website?
New Dock Road LLC,LLC,Kings (Brooklyn),New company registered with NY Department of State,2026-09-24,"NY Department of State, Active Corporations (data.ny.gov/d/n9v6-gdp6)",DOS ID 8029699,2026-09-26,high,"Registered 2 days ago; owners typically choose website, advisers and service providers in the first weeks.",Congratulations on setting up New Dock Road LLC this September. Have you already decided who will build your website?
